[{"title_en":"Emma – on her way to a professorship?","title_de":"Emma – auf dem Weg zur Professorin?","title_fr":"Emma – sur la voie du professorat ?","author":"Stéphanie Würth","datastory_category":"standard","publication_date":"2021-06-28 00:10:00","languages":"de;fr;en","short_desc_en":"Using Emma as an example, we profile the career path of an early career researcher whose PhD was financed by an SNSF project. To this end, we combined and analysed data from the Federal Statistical Office (FSO) and the SNSF.","short_desc_de":"Anhand von Emma zeigen wir exemplarisch den Karriereweg einer jungen Forschenden, die während ihres Doktorats über ein SNF-Projekt finanziert wurde. Dazu haben wir Daten des Bundesamtes für Statistik (BFS) mit den Daten des SNF verknüpft und analysiert.","short_desc_fr":"L’exemple d’Emma nous permet d’illustrer le parcours professionnel d’une jeune chercheuse dont le doctorat a été financé par l’intermédiaire d’un projet du FNS. À cette fin, nous avons rapproché et analysé des données de l’Office fédéral de la statistique (OFS) et du FNS.","tags":"T70T","author_url":"datastories@snf.ch","top_story":false,"github_url":"https://github.com/snsf-data/datastory_graduate_careers","doi":"https://doi.org/10.46446/datastory.emma-on-her-way-to-a-professorship"}]
